authority,location,region,life_expectancy_2022,average_household_gas_consumption_kwh_2021,total_consumption_kwh,FoodInsecurity,HousePrices,WelfareApp,Homeless,Business,Foodbank,Rent,Population,SIMDQuint,SIMDDecil,Alcohol,PT_GP
Aberdeen City,Urban,north_east,76.9,13433.50335,2260.346635,25,6.03,-15.47,10.49,-10.94,-12.61,2.16,228800,3,6,107,8
Aberdeenshire,Rural,north_east,78.77,15681.06284,1486.347245,0,11.3,4.76,5.99,-5.71,-11.47,2.16,261800,3,7,45,15
Angus,Rural,east,78.22,13856.21879,922.310068,-11.11,19.26,-5.17,0.97,-3.29,0.83,7.82,116280,3,5,55,14
Argyll and Bute,Rural,highlands_islands,77.7,15099.56687,443.1732078,16.67,0.85,1.49,5.69,0.49,NA,4.97,86810,3,5,109,14
City of Edinburgh,Urban,east,77.95,12430.14442,4581.8243,-14.29,10.22,-2.92,3.62,-6.89,-39.85,6.79,513210,3,6,84,7
Clackmannanshire,Urban,east,75.32,12829.4737,954.2531063,0,7.46,-4.76,33.26,-1.16,NA,8.57,51450,2,4,80,10
Dumfries and Galloway,Rural,south_west,77.39,13400.92795,1231.371703,-18.18,11.09,0.32,3.01,0.61,9.12,0.63,149200,2,5,65,13
Dundee City,Urban,east,73.53,12555.38204,1340.754866,-9.09,11.88,3.66,26.67,0,0.25,7.82,148710,2,4,102,9
East Ayrshire,Urban,south_west,74.88,16636.83909,900.4047498,0,14.53,4.48,26.03,-2.25,-33.24,-1.4,121940,2,4,104,11
East Dunbartonshire,Urban,south_west,80.01,16636.83909,900.4047498,0,19.81,-3.13,2.77,-7.95,-8.8,8.18,108130,3,7,69,11
East Lothian,Rural,east,78.87,13129.56931,857.6399624,0,14.07,8.97,5.42,-5.35,23.22,6.79,104840,3,6,64,10
East Renfrewshire,Urban,south_west,79.39,17274.03265,753.8480809,0,12.3,3.4,41.5,-6.84,1.08,5.6,94760,4,7,63,9
Falkirk,Urban,east,76.21,13269.92982,1381.277084,0,15.47,0.07,10.71,-9.09,3.07,8.57,160130,2,5,79,10
Fife,Rural,east,76.85,13565.76475,3700.906635,0,13.75,1.24,3.88,-7.21,-9.39,5.36,371410,3,5,95,9
Glasgow City,Urban,south_west,72.94,11068.74212,5158.579925,0,8.81,1.78,4.81,-2.34,-9.31,7.65,621020,2,3,NA,7
Highland,Rural,highlands_islands,77.56,13701.26785,1120.449919,-25,9.64,7.75,-12.93,-0.28,-28.22,5.07,235180,3,5,99,17
Inverclyde,Urban,south_west,74.05,13438.00568,687.6152136,12.5,5.18,-10.11,21.28,-6.2,-11.25,5.6,78760,2,4,162,10
Midlothian,Rural,east,77.56,12936.34836,712.9778322,12.5,9.39,2.46,-0.93,-4.15,30.35,6.79,90090,2,5,85,11
Moray,Rural,highlands_islands,78.26,14158.45172,1712.029559,16.67,14.23,11.42,-3.63,-1.97,NA,5.07,95780,3,6,75,14
Na h-Eileanan an Iar,Rural,highlands_islands,77.9,12129.79779,26.38840992,0,11.94,2.3,23.28,2.27,NA,5.07,26950,2,5,109,17
North Ayrshire,Rural,south_west,74.45,12529.3955,1983.594413,14.29,15.6,2.81,5.45,-8.24,-54.69,-1.4,135790,2,4,126,9
North Lanarkshire,Urban,south_west,74.14,13340.47792,2890.190123,-7.14,13.13,3.77,11.32,-4.82,-29.36,8.32,339960,2,4,129,10
Orkney Islands,Rural,highlands_islands,80.4,NA,NA,0,26.86,-4.44,-18,2.67,-31.24,5.07,22000,3,6,111,15
Perth and Kinross,Rural,east,78.86,14380.18003,1017.447388,-16.67,11,-1.63,-8.07,0,25.82,6.1,151100,3,6,57,13
Renfrewshire,Urban,south_west,75.53,12503.01786,1573.429072,16.67,11,3.32,4.38,-7,-14.57,5.6,176830,2,5,140,10
Scottish Borders,Rural,east,79.06,13489.96738,774.9463684,0,7.27,-0.16,3.24,0.61,-10.31,1.74,115020,3,5,65,13
Shetland Islands,Rural,highlands_islands,79.62,NA,NA,-16.67,12.94,2,4.55,1.52,-28.15,5.07,23080,3,6,95,20
South Ayrshire,Rural,south_west,76.4,13826.10569,1283.758074,0,11.14,7.79,9.69,-2.96,7.69,-1.4,112680,3,5,107,10
South Lanarkshire,Rural,south_west,75.88,14134.04917,2429.382592,0,13.03,3,3.15,-4.54,-5.5,10.25,318170,2,5,105,11
Stirling,Rural,east,77.39,14808.49355,1181.303154,0,14.77,2.25,3.64,-3.02,NA,8.57,94000,3,6,62,11
West Dunbartonshire,Urban,south_west,73.42,11422.32822,711.8385441,33.33,16.45,-2.76,1.46,-6.57,NA,8.38,89610,2,3,152,11
West Lothian,Urban,east,77.14,13673.65394,1800.247261,42.86,13.75,1.7,-11.86,-10.53,13.81,4.83,181310,2,5,97,10
